"","State","air","area","art","back","body","book","business","car","case","change","child","city","community","company","country","day","door","education","end","eye","face","fact","family","father","force","friend","game","girl","government","group","guy","hand","head","health","history","home","hour","house","idea","information","issue","job","kid","kind","law","level","life","line","lot","man","member","minute","moment","money","month","morning","mother","name","night","number","office","others","parent","part","party","people","person","place","point","power","president","problem","program","question","reason","research","result","right","room","school","service","side","state","story","student","study","system","teacher","team","thing","time","war","water","way","week","woman","word","work","world","year"
"1","alabama",0.0109489051094891,0,0.0766423357664234,0.0328467153284672,0.0255474452554745,0.00364963503649635,0.00364963503649635,0.0401459854014599,0,0.0218978102189781,0.00364963503649635,0,0.00364963503649635,0,0.00364963503649635,0.062043795620438,0,0,0.0693430656934307,0.0072992700729927,0.00364963503649635,0.0109489051094891,0.0072992700729927,0,0,0.0182481751824818,0.0109489051094891,0.0182481751824818,0.0072992700729927,0,0.0072992700729927,0.0109489051094891,0.0218978102189781,0,0,0,0.0072992700729927,0,0,0,0,0.0109489051094891,0.0072992700729927,0,0.00364963503649635,0,0.0291970802919708,0.00364963503649635,0.0218978102189781,0.0437956204379562,0.0255474452554745,0.0109489051094891,0,0.00364963503649635,0,0.0072992700729927,0.00364963503649635,0.0109489051094891,0.0328467153284672,0.00364963503649635,0.00364963503649635,0.0109489051094891,0.00364963503649635,0.0182481751824818,0,0.0364963503649635,0.00364963503649635,0,0,0.0072992700729927,0.00364963503649635,0.0072992700729927,0,0.00364963503649635,0,0,0,0.0145985401459854,0,0.00364963503649635,0.00364963503649635,0.0255474452554745,0.0072992700729927,0,0.00364963503649635,0.00364963503649635,0,0,0.0072992700729927,0.0766423357664234,0.0401459854014599,0.0182481751824818,0,0.0547445255474453,0.0182481751824818,0.00364963503649635,0.0182481751824818,0.0291970802919708,0.0145985401459854,0.0328467153284672
"2","alaska",0.00666666666666667,0,0.08,0.113333333333333,0.00333333333333333,0.00333333333333333,0,0.05,0,0,0,0.01,0,0,0,0.106666666666667,0,0,0.07,0.00666666666666667,0,0.00666666666666667,0.00333333333333333,0,0.0133333333333333,0.02,0.00333333333333333,0.00666666666666667,0,0,0.0133333333333333,0.00333333333333333,0.00666666666666667,0.00666666666666667,0,0.01,0.01,0.00333333333333333,0,0.00333333333333333,0,0.0333333333333333,0.00333333333333333,0.01,0.00666666666666667,0,0.03,0.0133333333333333,0.00666666666666667,0.07,0.00666666666666667,0,0.00666666666666667,0.00666666666666667,0,0,0,0.0133333333333333,0,0.00666666666666667,0,0.00333333333333333,0.00333333333333333,0.0133333333333333,0,0.0466666666666667,0.00666666666666667,0.00333333333333333,0.00333333333333333,0.00333333333333333,0.00333333333333333,0.00666666666666667,0.00333333333333333,0.00666666666666667,0.00333333333333333,0.00666666666666667,0,0.0233333333333333,0.00666666666666667,0.00666666666666667,0.00333333333333333,0.01,0.00333333333333333,0,0,0,0.00333333333333333,0,0.0133333333333333,0.0433333333333333,0.0533333333333333,0.0233333333333333,0.0133333333333333,0.0366666666666667,0.02,0,0.00333333333333333,0.0233333333333333,0.00333333333333333,0.0233333333333333
"3","arizona",0.0316901408450704,0.0105633802816901,0.0457746478873239,0.028169014084507,0.0105633802816901,0.00704225352112676,0,0.0140845070422535,0,0,0.00352112676056338,0,0.00704225352112676,0.00352112676056338,0,0.0774647887323944,0,0.00704225352112676,0.0809859154929577,0.00352112676056338,0.00352112676056338,0.0105633802816901,0,0,0.0246478873239437,0.0140845070422535,0.0211267605633803,0.00704225352112676,0.0246478873239437,0,0.00704225352112676,0.0105633802816901,0.0105633802816901,0.0211267605633803,0.00352112676056338,0.0176056338028169,0.0105633802816901,0.00352112676056338,0.0105633802816901,0,0,0.00352112676056338,0.0176056338028169,0.00352112676056338,0,0.00352112676056338,0.0176056338028169,0.0105633802816901,0.0176056338028169,0.0669014084507042,0.00704225352112676,0.00352112676056338,0,0.00704225352112676,0,0.00704225352112676,0,0.0105633802816901,0.0140845070422535,0.00352112676056338,0.0140845070422535,0.00704225352112676,0,0.0105633802816901,0.00352112676056338,0.0246478873239437,0.00352112676056338,0.0105633802816901,0.00352112676056338,0.00704225352112676,0,0.00352112676056338,0,0,0.0105633802816901,0.00352112676056338,0.00352112676056338,0.028169014084507,0.00352112676056338,0.0105633802816901,0,0.0211267605633803,0,0.00704225352112676,0.0105633802816901,0,0.00704225352112676,0,0.0176056338028169,0.0316901408450704,0.0457746478873239,0.0352112676056338,0.0176056338028169,0.0457746478873239,0.0246478873239437,0.00352112676056338,0.00352112676056338,0.028169014084507,0.00352112676056338,0.028169014084507
"4","arkansas",0.0166666666666667,0,0.0533333333333333,0.0133333333333333,0.00666666666666667,0.00666666666666667,0.00333333333333333,0.0233333333333333,0.00666666666666667,0.01,0.00666666666666667,0.00666666666666667,0.00666666666666667,0,0.00333333333333333,0.0866666666666667,0.00333333333333333,0.00666666666666667,0.0566666666666667,0.00333333333333333,0,0.00333333333333333,0.0133333333333333,0.00333333333333333,0,0.0166666666666667,0.02,0.00666666666666667,0.00333333333333333,0.00333333333333333,0.0233333333333333,0.00666666666666667,0.00666666666666667,0.0133333333333333,0,0.02,0,0.00333333333333333,0.00333333333333333,0,0,0.0366666666666667,0.0133333333333333,0,0.00666666666666667,0.00333333333333333,0.00666666666666667,0.00333333333333333,0.01,0.0433333333333333,0,0.00333333333333333,0,0,0.01,0.0166666666666667,0,0.0133333333333333,0.0166666666666667,0.01,0.00333333333333333,0.00333333333333333,0,0.01,0.00333333333333333,0.0233333333333333,0.00666666666666667,0,0.00666666666666667,0,0,0.00666666666666667,0.00333333333333333,0,0.00333333333333333,0,0.00333333333333333,0.03,0.00666666666666667,0.01,0,0.0166666666666667,0.00333333333333333,0.00333333333333333,0,0,0.00666666666666667,0.00333333333333333,0.0266666666666667,0.0466666666666667,0.0333333333333333,0.0233333333333333,0,0.04,0.0133333333333333,0.00333333333333333,0.00333333333333333,0.05,0.00666666666666667,0.0266666666666667
"5","california",0.0108695652173913,0,0.0760869565217391,0.0253623188405797,0.0036231884057971,0.0072463768115942,0.0072463768115942,0.0326086956521739,0,0.0036231884057971,0.0108695652173913,0.0072463768115942,0.0072463768115942,0.0036231884057971,0.0036231884057971,0.0688405797101449,0,0,0.0398550724637681,0.0036231884057971,0.0144927536231884,0.0036231884057971,0.0108695652173913,0,0.0108695652173913,0.0036231884057971,0.0036231884057971,0,0.0144927536231884,0.0036231884057971,0.0217391304347826,0.0108695652173913,0.0036231884057971,0.0072463768115942,0.0036231884057971,0.0181159420289855,0,0.0108695652173913,0.0036231884057971,0.0036231884057971,0,0.0036231884057971,0.0072463768115942,0,0.0181159420289855,0.0036231884057971,0.0253623188405797,0.0108695652173913,0.0072463768115942,0.0760869565217391,0.0036231884057971,0.0108695652173913,0,0,0.0036231884057971,0.0108695652173913,0.0072463768115942,0.0108695652173913,0.0181159420289855,0.0108695652173913,0.0144927536231884,0.0036231884057971,0.0036231884057971,0.0181159420289855,0.0036231884057971,0.0253623188405797,0.0144927536231884,0,0.0072463768115942,0.0072463768115942,0.0072463768115942,0,0.0036231884057971,0.0036231884057971,0.0036231884057971,0,0,0.0217391304347826,0.0072463768115942,0,0,0.036231884057971,0,0.0144927536231884,0,0.0036231884057971,0.0036231884057971,0,0.0108695652173913,0.0289855072463768,0.0434782608695652,0.0326086956521739,0.0072463768115942,0.0289855072463768,0.0072463768115942,0.0072463768115942,0.0036231884057971,0.036231884057971,0.0144927536231884,0.0543478260869565
"6","colorado",0.0176678445229682,0,0.0706713780918728,0.0318021201413428,0.00706713780918728,0.0247349823321555,0.00706713780918728,0.0247349823321555,0,0.0106007067137809,0,0,0.00353356890459364,0,0.00353356890459364,0.113074204946996,0.00353356890459364,0.00353356890459364,0.0848056537102474,0,0.0141342756183746,0.00706713780918728,0.00706713780918728,0,0,0.0212014134275618,0.00706713780918728,0.0106007067137809,0.0106007067137809,0,0.00353356890459364,0.0106007067137809,0.0106007067137809,0,0.0141342756183746,0.00353356890459364,0,0.00353356890459364,0.0176678445229682,0.0106007067137809,0,0.0212014134275618,0.0106007067137809,0.00353356890459364,0.0106007067137809,0.00706713780918728,0.0141342756183746,0.0212014134275618,0.0106007067137809,0.049469964664311,0.0106007067137809,0,0.00706713780918728,0.0106007067137809,0.00353356890459364,0.00353356890459364,0,0,0.00706713780918728,0.0106007067137809,0.0106007067137809,0.0141342756183746,0.00706713780918728,0.0106007067137809,0.00353356890459364,0.0282685512367491,0.00353356890459364,0.00706713780918728,0.00706713780918728,0,0.00706713780918728,0,0.00353356890459364,0.00353356890459364,0,0.00353356890459364,0,0.0212014134275618,0.00353356890459364,0.00706713780918728,0,0.0530035335689046,0.0176678445229682,0.0212014134275618,0,0,0.00353356890459364,0,0.0141342756183746,0.0565371024734982,0.0530035335689046,0.0141342756183746,0.00353356890459364,0.0565371024734982,0.0282685512367491,0,0,0.0212014134275618,0.00706713780918728,0.0212014134275618
"7","connecticut",0.00333333333333333,0,0.116666666666667,0.02,0.00333333333333333,0.00666666666666667,0,0.0233333333333333,0.00666666666666667,0,0.00333333333333333,0.01,0.00333333333333333,0,0.0366666666666667,0.213333333333333,0.01,0,0.06,0.00333333333333333,0.0133333333333333,0.07,0.00333333333333333,0,0,0.01,0.00333333333333333,0.0166666666666667,0.0133333333333333,0,0.02,0.0466666666666667,0.0233333333333333,0.01,0,0.00333333333333333,0.00333333333333333,0.01,0.00666666666666667,0,0.00666666666666667,0.0566666666666667,0,0.00333333333333333,0.01,0.00333333333333333,0.00333333333333333,0.0266666666666667,0.0166666666666667,0.156666666666667,0.0233333333333333,0,0.00333333333333333,0.0333333333333333,0.0266666666666667,0.0133333333333333,0.00333333333333333,0.0133333333333333,0.01,0.00333333333333333,0,0,0.00333333333333333,0.0333333333333333,0.00333333333333333,0.03,0.0133333333333333,0.05,0.01,0.0133333333333333,0.02,0.00333333333333333,0,0.00333333333333333,0.00333333333333333,0.00333333333333333,0.00333333333333333,0.0166666666666667,0.00333333333333333,0.0133333333333333,0.00333333333333333,0.0433333333333333,0.02,0.0433333333333333,0,0.00333333333333333,0,0.00333333333333333,0.0333333333333333,0.0533333333333333,0.0833333333333333,0.0333333333333333,0.00333333333333333,0.0666666666666667,0.00666666666666667,0,0.00333333333333333,0.0466666666666667,0.0133333333333333,0.0266666666666667
"8","delaware",0.00666666666666667,0.00666666666666667,0.0466666666666667,0.02,0,0.00666666666666667,0,0.0366666666666667,0,0.0133333333333333,0,0,0.00666666666666667,0,0.00333333333333333,0.0833333333333333,0.00333333333333333,0,0.08,0.01,0.00666666666666667,0,0.00333333333333333,0,0,0.0133333333333333,0.00666666666666667,0,0,0,0.00666666666666667,0.00333333333333333,0.00333333333333333,0.00666666666666667,0,0.0166666666666667,0,0.00333333333333333,0,0,0,0.0566666666666667,0,0.00333333333333333,0.00333333333333333,0,0.0166666666666667,0.0266666666666667,0.0133333333333333,0.0466666666666667,0.00333333333333333,0.00333333333333333,0,0,0.00666666666666667,0,0,0.00333333333333333,0.0266666666666667,0,0.00333333333333333,0.00666666666666667,0.00333333333333333,0.00666666666666667,0,0.0133333333333333,0.00666666666666667,0.01,0.00333333333333333,0.00333333333333333,0,0,0,0.00666666666666667,0.00333333333333333,0,0.00666666666666667,0.00666666666666667,0,0.0133333333333333,0.00666666666666667,0.0166666666666667,0.00333333333333333,0,0.01,0,0,0,0.0266666666666667,0.0366666666666667,0.0266666666666667,0.0233333333333333,0,0.04,0.0266666666666667,0,0,0.186666666666667,0.01,0.0233333333333333
"9","florida",0.0208333333333333,0,0.125,0.0277777777777778,0.0173611111111111,0.00347222222222222,0,0.0381944444444444,0.00347222222222222,0.0104166666666667,0.0138888888888889,0,0.00347222222222222,0.00347222222222222,0,0.104166666666667,0.00347222222222222,0,0.111111111111111,0,0.00347222222222222,0.0104166666666667,0.00694444444444444,0,0,0.00694444444444444,0.0138888888888889,0.03125,0.00347222222222222,0.0104166666666667,0.0208333333333333,0.00347222222222222,0.0138888888888889,0,0.00347222222222222,0.00694444444444444,0.00347222222222222,0,0.00347222222222222,0,0.00347222222222222,0.0104166666666667,0.0104166666666667,0.00694444444444444,0.0138888888888889,0.00347222222222222,0,0.0104166666666667,0.0138888888888889,0.0347222222222222,0.0416666666666667,0.00347222222222222,0,0.0104166666666667,0.00694444444444444,0.0104166666666667,0,0.00694444444444444,0.0104166666666667,0.0104166666666667,0,0.0208333333333333,0.00347222222222222,0.0208333333333333,0.00347222222222222,0.0208333333333333,0.00694444444444444,0,0.00694444444444444,0.00347222222222222,0.00347222222222222,0.00694444444444444,0,0.00347222222222222,0.00347222222222222,0,0,0.0416666666666667,0,0.0173611111111111,0.0208333333333333,0.0625,0.00694444444444444,0.0138888888888889,0,0.00347222222222222,0,0,0.0138888888888889,0.0555555555555556,0.0381944444444444,0.0138888888888889,0.0104166666666667,0.0694444444444444,0.0347222222222222,0,0.03125,0.0243055555555556,0.00694444444444444,0.0416666666666667
"10","georgia",0.0253623188405797,0,0.108695652173913,0.0326086956521739,0.0253623188405797,0.0108695652173913,0.0036231884057971,0.0326086956521739,0,0.0108695652173913,0.0036231884057971,0.0072463768115942,0.0036231884057971,0.0036231884057971,0.0181159420289855,0.0942028985507246,0.0036231884057971,0,0.0688405797101449,0.0036231884057971,0,0.0108695652173913,0.0036231884057971,0,0,0.0144927536231884,0.0144927536231884,0.0144927536231884,0,0.0036231884057971,0.0181159420289855,0.0108695652173913,0.0036231884057971,0,0.0072463768115942,0.0072463768115942,0.0036231884057971,0,0,0,0.0036231884057971,0.0217391304347826,0.0144927536231884,0.0108695652173913,0,0,0.0326086956521739,0.0072463768115942,0.0217391304347826,0.0471014492753623,0.0181159420289855,0.0181159420289855,0,0.0072463768115942,0,0.0036231884057971,0,0.0036231884057971,0.0289855072463768,0.0072463768115942,0.0036231884057971,0.0072463768115942,0.0072463768115942,0.0108695652173913,0.0036231884057971,0.0326086956521739,0.0072463768115942,0.0144927536231884,0.0108695652173913,0.0072463768115942,0.0144927536231884,0.0036231884057971,0.0036231884057971,0.0072463768115942,0.0036231884057971,0,0,0.0217391304347826,0.0072463768115942,0.0072463768115942,0,0.0471014492753623,0.0036231884057971,0.0072463768115942,0.0036231884057971,0.0036231884057971,0,0,0.0253623188405797,0.0797101449275362,0.0326086956521739,0.0289855072463768,0.0036231884057971,0.0760869565217391,0.0144927536231884,0.0072463768115942,0.0253623188405797,0.0434782608695652,0.0036231884057971,0.0289855072463768
"11","hawaii",0.01,0,0.05,0.01,0.0266666666666667,0.00333333333333333,0,0.0533333333333333,0,0.01,0,0.0133333333333333,0.00666666666666667,0.00333333333333333,0,0.15,0,0,0.0333333333333333,0,0.00666666666666667,0.01,0.01,0,0,0.00333333333333333,0,0.00333333333333333,0,0,0.0166666666666667,0,0.00333333333333333,0,0.00333333333333333,0.00666666666666667,0.02,0.00333333333333333,0,0,0,0.02,0.0166666666666667,0.01,0.01,0.00666666666666667,0.03,0.0133333333333333,0.0133333333333333,0.0666666666666667,0.01,0.00333333333333333,0,0.0133333333333333,0,0.0133333333333333,0,0.00666666666666667,0.02,0.00333333333333333,0,0.00666666666666667,0.00333333333333333,0.0133333333333333,0.00333333333333333,0.0733333333333333,0.01,0.00666666666666667,0.00333333333333333,0.00666666666666667,0.00333333333333333,0,0,0.00666666666666667,0.00333333333333333,0.00666666666666667,0,0.0333333333333333,0.00333333333333333,0.00333333333333333,0.01,0.0166666666666667,0.0133333333333333,0.00333333333333333,0.01,0,0,0.00333333333333333,0.00666666666666667,0.0666666666666667,0.02,0.0133333333333333,0.01,0.0533333333333333,0.01,0,0.0133333333333333,0.04,0.00666666666666667,0.05
"12","idaho",0.0138888888888889,0.00347222222222222,0.0868055555555556,0.0208333333333333,0.00347222222222222,0.0104166666666667,0.00347222222222222,0.0416666666666667,0.00694444444444444,0.00694444444444444,0,0,0.00694444444444444,0,0.0104166666666667,0.0798611111111111,0,0,0.0659722222222222,0,0.00694444444444444,0.0138888888888889,0.00694444444444444,0,0,0.0173611111111111,0.00347222222222222,0.0104166666666667,0,0.00347222222222222,0.00347222222222222,0.0173611111111111,0.0138888888888889,0.0104166666666667,0,0.0104166666666667,0.00694444444444444,0.00694444444444444,0.0347222222222222,0.00347222222222222,0.00347222222222222,0.0520833333333333,0.0173611111111111,0.0104166666666667,0,0,0.0173611111111111,0.0243055555555556,0.0381944444444444,0.0520833333333333,0.00694444444444444,0,0.00347222222222222,0.00694444444444444,0.00347222222222222,0.00694444444444444,0,0.00694444444444444,0.00694444444444444,0,0,0,0.0208333333333333,0.0347222222222222,0.00694444444444444,0.03125,0.0208333333333333,0.00694444444444444,0.00694444444444444,0.0138888888888889,0,0,0.00694444444444444,0.0173611111111111,0.0138888888888889,0.00694444444444444,0,0.0173611111111111,0.00694444444444444,0.0138888888888889,0.00694444444444444,0.00694444444444444,0.00694444444444444,0.00347222222222222,0.00694444444444444,0.00347222222222222,0,0,0.0208333333333333,0.0625,0.0381944444444444,0.0208333333333333,0.00347222222222222,0.0381944444444444,0.03125,0.00347222222222222,0.00694444444444444,0.03125,0.00694444444444444,0.0381944444444444
"13","illinois",0.0133333333333333,0.00666666666666667,0.07,0.0733333333333333,0.01,0.02,0,0.0266666666666667,0.0133333333333333,0.00333333333333333,0.01,0,0.00666666666666667,0.00666666666666667,0.0133333333333333,0.08,0,0,0.0533333333333333,0,0.01,0.0233333333333333,0.00666666666666667,0,0,0.00666666666666667,0.0333333333333333,0.01,0,0.00333333333333333,0.01,0.01,0,0.00666666666666667,0,0.0133333333333333,0.0233333333333333,0.01,0,0.00666666666666667,0,0.0333333333333333,0.02,0,0.00666666666666667,0.0133333333333333,0.00666666666666667,0.0166666666666667,0.0166666666666667,0.05,0.0166666666666667,0.00666666666666667,0.00333333333333333,0.00333333333333333,0.00333333333333333,0,0.00333333333333333,0.01,0.04,0,0.01,0.00666666666666667,0.00333333333333333,0.0133333333333333,0.0133333333333333,0.0266666666666667,0.01,0.01,0.0166666666666667,0.00666666666666667,0.00333333333333333,0.00666666666666667,0,0.01,0,0,0.00333333333333333,0.0266666666666667,0.00666666666666667,0.0266666666666667,0.00333333333333333,0.0166666666666667,0.00666666666666667,0,0.00666666666666667,0,0,0,0.02,0.05,0.03,0.0233333333333333,0.00666666666666667,0.0466666666666667,0.03,0.00333333333333333,0.00666666666666667,0.0433333333333333,0.01,0.0333333333333333
"14","indiana",0.0319148936170213,0.0106382978723404,0.0709219858156028,0.0815602836879433,0.00709219858156028,0.024822695035461,0,0.0460992907801418,0.00709219858156028,0.00709219858156028,0.00709219858156028,0,0.00709219858156028,0.00354609929078014,0.024822695035461,0.0815602836879433,0,0.00354609929078014,0.0602836879432624,0.00354609929078014,0.0106382978723404,0.0106382978723404,0.0141843971631206,0,0,0.0106382978723404,0.0319148936170213,0,0,0.00709219858156028,0.0177304964539007,0.0141843971631206,0.0106382978723404,0.00709219858156028,0.00354609929078014,0.0106382978723404,0.0212765957446809,0.00354609929078014,0,0.00354609929078014,0,0.0283687943262411,0.0177304964539007,0.00354609929078014,0.00709219858156028,0.0106382978723404,0.00354609929078014,0.0177304964539007,0.0106382978723404,0.0567375886524823,0.00709219858156028,0.00354609929078014,0.00354609929078014,0.00709219858156028,0,0,0,0.00709219858156028,0.024822695035461,0,0.00354609929078014,0,0.00709219858156028,0.0106382978723404,0.00354609929078014,0.0390070921985816,0.00709219858156028,0.00354609929078014,0.0106382978723404,0.00354609929078014,0.00709219858156028,0,0,0.0106382978723404,0.00709219858156028,0,0,0.0319148936170213,0.00354609929078014,0.024822695035461,0.00354609929078014,0.0460992907801418,0,0.00709219858156028,0.00709219858156028,0,0,0.00354609929078014,0.0177304964539007,0.0709219858156028,0.0319148936170213,0.024822695035461,0.00709219858156028,0.0390070921985816,0.0177304964539007,0.00354609929078014,0.0177304964539007,0.0460992907801418,0.0212765957446809,0.0319148936170213
"15","iowa",0.02,0,0.08,0.0166666666666667,0,0.00666666666666667,0.00666666666666667,0.0433333333333333,0,0.01,0.0133333333333333,0.00333333333333333,0.00666666666666667,0,0.00333333333333333,0.1,0,0.00333333333333333,0.0666666666666667,0.00666666666666667,0,0.00333333333333333,0.0133333333333333,0.00333333333333333,0.00333333333333333,0.01,0.0233333333333333,0.0166666666666667,0,0,0.01,0,0.0166666666666667,0.0133333333333333,0,0.0133333333333333,0.0133333333333333,0.00666666666666667,0.00333333333333333,0,0.00333333333333333,0.0533333333333333,0.0266666666666667,0.00333333333333333,0.00666666666666667,0,0.00333333333333333,0.0133333333333333,0.01,0.0466666666666667,0.0133333333333333,0.01,0.00333333333333333,0.0133333333333333,0.00333333333333333,0,0,0.01,0.0166666666666667,0.00333333333333333,0.0133333333333333,0,0.00333333333333333,0.02,0,0.0266666666666667,0.00666666666666667,0.01,0.0133333333333333,0.00666666666666667,0.00333333333333333,0,0.0133333333333333,0.00333333333333333,0.01,0.00333333333333333,0,0.0233333333333333,0,0.00666666666666667,0.00666666666666667,0.02,0.02,0.00333333333333333,0.0166666666666667,0.00666666666666667,0,0.01,0.02,0.0533333333333333,0.03,0.00666666666666667,0.00333333333333333,0.0633333333333333,0.04,0.01,0.01,0.04,0.0166666666666667,0.0233333333333333
"16","kansas",0.0236486486486486,0,0.0912162162162162,0.0236486486486486,0.0236486486486486,0.00675675675675676,0,0.027027027027027,0.0101351351351351,0.0168918918918919,0.0135135135135135,0.00337837837837838,0.00675675675675676,0,0.0135135135135135,0.0574324324324324,0.00675675675675676,0,0.0844594594594595,0.00337837837837838,0.00675675675675676,0.0101351351351351,0.00337837837837838,0,0,0.0101351351351351,0.0168918918918919,0.00675675675675676,0.0101351351351351,0.00337837837837838,0.00675675675675676,0.0101351351351351,0.00675675675675676,0.0101351351351351,0.00337837837837838,0.0101351351351351,0.00337837837837838,0,0.00337837837837838,0.00675675675675676,0.00675675675675676,0.0135135135135135,0.00337837837837838,0.00675675675675676,0.00337837837837838,0.00337837837837838,0.0472972972972973,0.0439189189189189,0.0168918918918919,0.097972972972973,0.0202702702702703,0.00337837837837838,0.0101351351351351,0.0135135135135135,0,0,0.00337837837837838,0.0101351351351351,0.0101351351351351,0,0,0,0.00337837837837838,0.0641891891891892,0.0101351351351351,0.0304054054054054,0.0168918918918919,0,0.0506756756756757,0.00675675675675676,0.00675675675675676,0.00337837837837838,0.00337837837837838,0.0101351351351351,0.00337837837837838,0,0.027027027027027,0.0371621621621622,0,0.00675675675675676,0.00337837837837838,0.0405405405405405,0.0101351351351351,0.00337837837837838,0,0,0,0,0.0202702702702703,0.0810810810810811,0.0472972972972973,0.0202702702702703,0.00337837837837838,0.0777027027027027,0.00675675675675676,0.00337837837837838,0.0101351351351351,0.0236486486486486,0.00337837837837838,0.0202702702702703
"17","kentucky",0.02,0.00333333333333333,0.106666666666667,0.0466666666666667,0,0.0233333333333333,0.00333333333333333,0.0333333333333333,0.00333333333333333,0.02,0,0.00333333333333333,0.00666666666666667,0,0.00333333333333333,0.146666666666667,0,0.00333333333333333,0.05,0.0133333333333333,0,0.00666666666666667,0.00666666666666667,0,0,0.00333333333333333,0.0433333333333333,0.01,0,0,0.00666666666666667,0.00666666666666667,0.00666666666666667,0.00666666666666667,0.00333333333333333,0.01,0.02,0.01,0.01,0.00333333333333333,0.00333333333333333,0.0366666666666667,0.00666666666666667,0,0.00666666666666667,0.00666666666666667,0.0166666666666667,0.00333333333333333,0.02,0.0866666666666667,0.0133333333333333,0.00666666666666667,0.00333333333333333,0,0,0,0.00333333333333333,0.00333333333333333,0.02,0,0,0.01,0,0.0166666666666667,0.00666666666666667,0.03,0,0.01,0.02,0,0.00333333333333333,0,0,0,0.00333333333333333,0,0.00333333333333333,0.03,0,0.0133333333333333,0.00666666666666667,0.0266666666666667,0.01,0.00333333333333333,0.00333333333333333,0,0,0.00333333333333333,0.0133333333333333,0.0466666666666667,0.0666666666666667,0.03,0.00666666666666667,0.0666666666666667,0.0266666666666667,0.00333333333333333,0.01,0.04,0.00666666666666667,0.0266666666666667
"18","louisiana",0.018450184501845,0,0.0479704797047971,0.022140221402214,0.029520295202952,0.011070110701107,0,0.033210332103321,0.00738007380073801,0.011070110701107,0.003690036900369,0,0,0,0.003690036900369,0.0701107011070111,0,0,0.0811808118081181,0,0.00738007380073801,0,0,0,0.003690036900369,0.022140221402214,0.00738007380073801,0.018450184501845,0,0,0.00738007380073801,0.00738007380073801,0.018450184501845,0,0,0.003690036900369,0,0,0,0,0,0.025830258302583,0.003690036900369,0.003690036900369,0.00738007380073801,0,0.011070110701107,0.014760147601476,0.011070110701107,0.029520295202952,0,0.014760147601476,0,0.00738007380073801,0,0.00738007380073801,0,0.00738007380073801,0.003690036900369,0,0.003690036900369,0.00738007380073801,0.011070110701107,0.022140221402214,0,0.014760147601476,0,0.003690036900369,0,0.011070110701107,0,0,0,0,0.011070110701107,0.003690036900369,0,0.011070110701107,0.022140221402214,0,0,0.040590405904059,0,0.003690036900369,0,0.00738007380073801,0.003690036900369,0,0.003690036900369,0.025830258302583,0.0479704797047971,0,0.003690036900369,0.0479704797047971,0.011070110701107,0,0.018450184501845,0.022140221402214,0.011070110701107,0.011070110701107
"19","maine",0.0309278350515464,0.00343642611683849,0.0721649484536082,0.013745704467354,0.0206185567010309,0.0103092783505155,0,0.0206185567010309,0.00687285223367698,0.0103092783505155,0.0103092783505155,0,0.00343642611683849,0,0.00687285223367698,0.116838487972509,0,0,0.0824742268041237,0.00687285223367698,0.00687285223367698,0.00687285223367698,0.0206185567010309,0,0.00343642611683849,0.00687285223367698,0.0206185567010309,0.00687285223367698,0.00687285223367698,0.00343642611683849,0.0171821305841924,0.0171821305841924,0.00687285223367698,0,0.00343642611683849,0.013745704467354,0.00687285223367698,0,0.0103092783505155,0,0.00343642611683849,0.0378006872852234,0.0103092783505155,0.013745704467354,0.00687285223367698,0.00343642611683849,0.0274914089347079,0.0171821305841924,0.00687285223367698,0.0343642611683849,0.0103092783505155,0.013745704467354,0,0.0171821305841924,0,0.00343642611683849,0.00343642611683849,0.0206185567010309,0.0274914089347079,0.00343642611683849,0.00343642611683849,0,0,0.0171821305841924,0.00343642611683849,0.0309278350515464,0.0103092783505155,0.00687285223367698,0.00687285223367698,0.00343642611683849,0.00343642611683849,0,0,0.00343642611683849,0,0,0,0.0171821305841924,0.00343642611683849,0,0.00687285223367698,0.0240549828178694,0.00687285223367698,0.00343642611683849,0,0.013745704467354,0,0,0.0206185567010309,0.0584192439862543,0.0481099656357388,0.0103092783505155,0.00343642611683849,0.0343642611683849,0.0240549828178694,0,0.00343642611683849,0.0412371134020619,0,0.0412371134020619
"20","maryland",0.02,0,0.0433333333333333,0.0266666666666667,0.03,0.00666666666666667,0.00666666666666667,0.0266666666666667,0.01,0.01,0.00666666666666667,0.01,0.00333333333333333,0,0.00333333333333333,0.13,0.00666666666666667,0,0.0666666666666667,0.00666666666666667,0.00333333333333333,0.02,0.00666666666666667,0.00333333333333333,0.00666666666666667,0.01,0,0,0.00666666666666667,0.00333333333333333,0,0.0166666666666667,0.00666666666666667,0.0766666666666667,0.00333333333333333,0.0133333333333333,0.00333333333333333,0,0,0.00666666666666667,0.0166666666666667,0.02,0.00333333333333333,0.00666666666666667,0.02,0.00666666666666667,0.0866666666666667,0.0866666666666667,0.01,0.0666666666666667,0.00666666666666667,0.01,0.00666666666666667,0.00333333333333333,0.00666666666666667,0.00666666666666667,0,0.01,0.00666666666666667,0.0133333333333333,0.00666666666666667,0,0.00333333333333333,0,0,0.04,0.0133333333333333,0.00333333333333333,0.01,0.01,0.00333333333333333,0,0,0.0233333333333333,0.00333333333333333,0,0.00666666666666667,0.02,0,0.00666666666666667,0,0.06,0.00666666666666667,0.01,0.01,0,0,0,0.00333333333333333,0.06,0.11,0.0233333333333333,0,0.0433333333333333,0.0166666666666667,0,0.0433333333333333,0.04,0.00666666666666667,0.0233333333333333
"21","massachusetts",0.0133333333333333,0,0.08,0.03,0.01,0,0.00333333333333333,0.05,0.00666666666666667,0.00333333333333333,0.00666666666666667,0.00333333333333333,0.00666666666666667,0.00333333333333333,0.01,0.156666666666667,0,0,0.0766666666666667,0.00666666666666667,0.01,0.02,0,0.00666666666666667,0.00666666666666667,0.00666666666666667,0.00666666666666667,0.02,0.00333333333333333,0.00666666666666667,0.0166666666666667,0.00333333333333333,0.00666666666666667,0.00666666666666667,0.00333333333333333,0.02,0,0.01,0,0.00666666666666667,0.00666666666666667,0.0266666666666667,0.00333333333333333,0.00666666666666667,0.0166666666666667,0.00333333333333333,0.02,0.0133333333333333,0.01,0.0766666666666667,0.0266666666666667,0.00333333333333333,0,0.0266666666666667,0.01,0.00333333333333333,0,0.0133333333333333,0.0233333333333333,0.01,0.0166666666666667,0.00333333333333333,0,0.00666666666666667,0.00333333333333333,0.0266666666666667,0.01,0.0366666666666667,0.00666666666666667,0.00333333333333333,0.0133333333333333,0.00666666666666667,0,0.01,0.01,0,0.00666666666666667,0.0333333333333333,0.01,0.0166666666666667,0.00333333333333333,0.0266666666666667,0.0133333333333333,0.00333333333333333,0.01,0,0,0.00333333333333333,0.0233333333333333,0.06,0.0433333333333333,0.0333333333333333,0.0166666666666667,0.03,0.0166666666666667,0.00333333333333333,0.0133333333333333,0.0533333333333333,0.0133333333333333,0.0266666666666667
"22","michigan",0.0143884892086331,0,0.0647482014388489,0.0503597122302158,0.0143884892086331,0.0179856115107914,0,0.0359712230215827,0,0.0143884892086331,0.00719424460431655,0.0107913669064748,0.00359712230215827,0,0.00719424460431655,0.079136690647482,0.00359712230215827,0,0.0683453237410072,0.00359712230215827,0.0143884892086331,0.00359712230215827,0.0107913669064748,0,0,0.0179856115107914,0.0143884892086331,0.0179856115107914,0,0.00359712230215827,0.0251798561151079,0.00719424460431655,0.0107913669064748,0,0.00359712230215827,0.00719424460431655,0.00719424460431655,0,0,0.00719424460431655,0,0.0179856115107914,0.0143884892086331,0.00359712230215827,0.00359712230215827,0.0179856115107914,0.0215827338129496,0.00719424460431655,0.0179856115107914,0.0467625899280576,0.00719424460431655,0,0,0,0,0,0,0.00719424460431655,0.0179856115107914,0.00359712230215827,0,0.00359712230215827,0.0107913669064748,0.0179856115107914,0.00359712230215827,0.0611510791366906,0.00359712230215827,0,0.0179856115107914,0.00719424460431655,0.00359712230215827,0.0143884892086331,0.00359712230215827,0.00359712230215827,0,0.00719424460431655,0.00359712230215827,0.0323741007194245,0,0.0251798561151079,0.00359712230215827,0.0431654676258993,0.0179856115107914,0.00719424460431655,0.0107913669064748,0,0,0,0.0143884892086331,0.0467625899280576,0.0431654676258993,0.0215827338129496,0,0.0431654676258993,0.0143884892086331,0,0.00359712230215827,0.0287769784172662,0.0323741007194245,0.039568345323741
"23","minnesota",0.01,0,0.07,0.0366666666666667,0.01,0.00333333333333333,0,0.0233333333333333,0.01,0,0.00666666666666667,0.00333333333333333,0.00333333333333333,0,0.00333333333333333,0.0733333333333333,0.00333333333333333,0,0.0833333333333333,0.00333333333333333,0.0266666666666667,0.00333333333333333,0,0,0.00333333333333333,0.0166666666666667,0.01,0.02,0,0.0166666666666667,0.00333333333333333,0.0133333333333333,0.0266666666666667,0.00333333333333333,0.0133333333333333,0.00333333333333333,0,0.00666666666666667,0.0133333333333333,0,0.00333333333333333,0.0233333333333333,0.00333333333333333,0,0.00333333333333333,0.00333333333333333,0.01,0.0133333333333333,0.0133333333333333,0.09,0.0166666666666667,0.00333333333333333,0,0.02,0.00333333333333333,0,0,0.00666666666666667,0.0133333333333333,0.00333333333333333,0.00666666666666667,0.00333333333333333,0.00666666666666667,0.0166666666666667,0.00666666666666667,0.05,0.00333333333333333,0.0233333333333333,0.02,0.00666666666666667,0.00333333333333333,0.00333333333333333,0.00333333333333333,0.00666666666666667,0.01,0,0.00333333333333333,0.00666666666666667,0.0166666666666667,0.00666666666666667,0.00333333333333333,0.0133333333333333,0.00666666666666667,0.0233333333333333,0.00666666666666667,0,0.00333333333333333,0,0.01,0.0933333333333333,0.05,0.0166666666666667,0,0.0366666666666667,0.0166666666666667,0.00333333333333333,0.01,0.0333333333333333,0.01,0.0166666666666667
"24","mississippi",0.00769230769230769,0,0.0461538461538462,0.0269230769230769,0.0115384615384615,0.00384615384615385,0,0.0384615384615385,0.0115384615384615,0.0115384615384615,0.0153846153846154,0,0,0.00384615384615385,0.00769230769230769,0.1,0,0,0.0576923076923077,0.00384615384615385,0,0.00384615384615385,0,0.00384615384615385,0.00384615384615385,0.00769230769230769,0.0192307692307692,0.00769230769230769,0.00769230769230769,0.00384615384615385,0.00384615384615385,0.00769230769230769,0.0269230769230769,0,0.00384615384615385,0.00769230769230769,0,0,0.00384615384615385,0,0.00384615384615385,0.0307692307692308,0.00384615384615385,0.0115384615384615,0.0153846153846154,0.00384615384615385,0.0269230769230769,0.00769230769230769,0.0153846153846154,0.0461538461538462,0.0115384615384615,0.00769230769230769,0,0.0115384615384615,0,0.00384615384615385,0,0.00769230769230769,0.00769230769230769,0,0,0.0153846153846154,0.0153846153846154,0.00769230769230769,0,0.0153846153846154,0.00384615384615385,0.00384615384615385,0.00384615384615385,0.00384615384615385,0,0.00384615384615385,0,0.00384615384615385,0.00384615384615385,0,0,0.0192307692307692,0.0192307692307692,0,0,0.0307692307692308,0.00384615384615385,0.0115384615384615,0.00384615384615385,0,0,0,0.0115384615384615,0.0576923076923077,0.05,0.0192307692307692,0,0.05,0.00769230769230769,0,0,0.0269230769230769,0.00384615384615385,0.0192307692307692
"25","missouri",0,0.00689655172413793,0.0586206896551724,0.0103448275862069,0.00689655172413793,0.0103448275862069,0,0.0379310344827586,0.00689655172413793,0.00344827586206897,0.00344827586206897,0.00344827586206897,0.00689655172413793,0,0,0.117241379310345,0.00344827586206897,0.00689655172413793,0.0586206896551724,0.00344827586206897,0.00344827586206897,0.00689655172413793,0.00344827586206897,0,0.00689655172413793,0.0206896551724138,0.0137931034482759,0.0103448275862069,0.00689655172413793,0,0.00689655172413793,0.00689655172413793,0.0103448275862069,0.00344827586206897,0,0.0103448275862069,0.0137931034482759,0,0.00344827586206897,0,0.00689655172413793,0.0172413793103448,0.0137931034482759,0,0.00689655172413793,0,0.0241379310344828,0.00344827586206897,0.0137931034482759,0.0758620689655172,0,0.0103448275862069,0.0103448275862069,0,0.0103448275862069,0,0,0.0103448275862069,0.0103448275862069,0.00689655172413793,0,0.00689655172413793,0,0.0137931034482759,0,0.0137931034482759,0.00344827586206897,0.0103448275862069,0.0275862068965517,0.00344827586206897,0.00689655172413793,0.00344827586206897,0.00344827586206897,0.00344827586206897,0.00344827586206897,0,0,0.0206896551724138,0.00689655172413793,0.0103448275862069,0.00689655172413793,0.0137931034482759,0.0137931034482759,0,0.0103448275862069,0,0,0.00344827586206897,0.0241379310344828,0.0482758620689655,0.0517241379310345,0.0137931034482759,0,0.0689655172413793,0.0241379310344828,0.0137931034482759,0.00344827586206897,0.0241379310344828,0.00689655172413793,0.0379310344827586
"26","montana",0.00666666666666667,0.00666666666666667,0.143333333333333,0.0166666666666667,0.00666666666666667,0.0266666666666667,0,0.02,0.00666666666666667,0.02,0.0133333333333333,0,0.00333333333333333,0,0.00333333333333333,0.0633333333333333,0.00666666666666667,0,0.0866666666666667,0.00333333333333333,0.01,0.0166666666666667,0.01,0,0,0.0133333333333333,0.01,0.00666666666666667,0.00333333333333333,0.00333333333333333,0.00333333333333333,0.0133333333333333,0.02,0,0.01,0.0133333333333333,0.00333333333333333,0.00666666666666667,0.0333333333333333,0.00333333333333333,0,0.0366666666666667,0.0166666666666667,0.01,0,0.00333333333333333,0.0166666666666667,0.0133333333333333,0.0333333333333333,0.0633333333333333,0.0133333333333333,0.00333333333333333,0.00333333333333333,0.01,0,0.00666666666666667,0,0.01,0.01,0,0,0.00333333333333333,0.0233333333333333,0.0866666666666667,0.00333333333333333,0.0266666666666667,0.02,0.01,0.0133333333333333,0.0133333333333333,0,0.00666666666666667,0.00333333333333333,0.01,0.0166666666666667,0,0,0.01,0.00333333333333333,0.01,0,0.0166666666666667,0.01,0.0166666666666667,0.0566666666666667,0.00333333333333333,0.00666666666666667,0,0.0266666666666667,0.0533333333333333,0.06,0.03,0.00333333333333333,0.116666666666667,0.02,0,0,0.0366666666666667,0.0133333333333333,0.0233333333333333
"27","nebraska",0.00666666666666667,0.00333333333333333,0.143333333333333,0.0133333333333333,0.00333333333333333,0.01,0,0.0433333333333333,0.00333333333333333,0.02,0.01,0,0.00333333333333333,0.00333333333333333,0.00666666666666667,0.06,0.0133333333333333,0.00333333333333333,0.0733333333333333,0.01,0.01,0.01,0.00333333333333333,0,0.00333333333333333,0.01,0.01,0.01,0,0,0.0166666666666667,0.00666666666666667,0.01,0.0133333333333333,0.00333333333333333,0.01,0,0.00333333333333333,0.00333333333333333,0.01,0.00666666666666667,0.01,0.01,0.00666666666666667,0.00666666666666667,0,0.08,0.0566666666666667,0.0166666666666667,0.0833333333333333,0.0133333333333333,0.00666666666666667,0.01,0.01,0.00333333333333333,0.00666666666666667,0.00666666666666667,0.01,0.01,0.00666666666666667,0.0133333333333333,0.0133333333333333,0.00666666666666667,0.0666666666666667,0.01,0.0466666666666667,0,0.00666666666666667,0.0433333333333333,0.0133333333333333,0.00666666666666667,0.00333333333333333,0.00333333333333333,0.00333333333333333,0.01,0.00333333333333333,0.02,0.02,0.00666666666666667,0.0133333333333333,0.00333333333333333,0.0533333333333333,0.00333333333333333,0.0166666666666667,0.0133333333333333,0.00333333333333333,0,0,0.00666666666666667,0.06,0.0366666666666667,0.03,0.00666666666666667,0.0433333333333333,0.0333333333333333,0.00666666666666667,0.00666666666666667,0.0266666666666667,0.0266666666666667,0.01
"28","nevada",0.0306122448979592,0,0.0476190476190476,0.0136054421768707,0.0102040816326531,0.00680272108843537,0,0.0374149659863946,0.00340136054421769,0,0.00340136054421769,0.00680272108843537,0.00340136054421769,0,0.00340136054421769,0.119047619047619,0,0,0.0816326530612245,0.00680272108843537,0,0.0102040816326531,0.0102040816326531,0.00340136054421769,0.0102040816326531,0.0272108843537415,0.0204081632653061,0.00680272108843537,0.0102040816326531,0,0.0102040816326531,0.00340136054421769,0.0102040816326531,0,0.00340136054421769,0.0136054421768707,0.00680272108843537,0.0102040816326531,0.00680272108843537,0.00340136054421769,0.0170068027210884,0.0170068027210884,0.0136054421768707,0.0102040816326531,0.00680272108843537,0,0.0170068027210884,0.00680272108843537,0.0102040816326531,0.0442176870748299,0.00680272108843537,0,0.00340136054421769,0.00680272108843537,0.00680272108843537,0.00340136054421769,0.00680272108843537,0.0272108843537415,0.0204081632653061,0,0.00340136054421769,0.0102040816326531,0.00680272108843537,0.00680272108843537,0.00340136054421769,0.0272108843537415,0.00680272108843537,0.00680272108843537,0.0136054421768707,0.00340136054421769,0.00340136054421769,0,0.00340136054421769,0.00680272108843537,0.00340136054421769,0,0.00340136054421769,0.0238095238095238,0.0136054421768707,0.0136054421768707,0,0.0238095238095238,0.00340136054421769,0.0102040816326531,0.0102040816326531,0,0.00680272108843537,0,0.0102040816326531,0.0476190476190476,0.0476190476190476,0.0102040816326531,0.00340136054421769,0.0442176870748299,0.0238095238095238,0.00340136054421769,0.0102040816326531,0.0238095238095238,0.0102040816326531,0.0204081632653061
"29","new hampshire",0.0170068027210884,0,0.0850340136054422,0.0306122448979592,0.0102040816326531,0.0136054421768707,0,0.0578231292517007,0.00680272108843537,0.00680272108843537,0.00680272108843537,0.00340136054421769,0.0102040816326531,0.00340136054421769,0.0102040816326531,0.108843537414966,0,0.00340136054421769,0.0680272108843537,0.00680272108843537,0.00680272108843537,0.00680272108843537,0.00680272108843537,0.00340136054421769,0.00340136054421769,0,0.0102040816326531,0.00340136054421769,0,0.0204081632653061,0.00680272108843537,0,0.00340136054421769,0.0102040816326531,0,0.0170068027210884,0,0.0102040816326531,0.00340136054421769,0.00340136054421769,0.00340136054421769,0.0340136054421769,0.00680272108843537,0.0102040816326531,0.0136054421768707,0.00340136054421769,0.0204081632653061,0.0238095238095238,0.00680272108843537,0.0680272108843537,0.0136054421768707,0.00340136054421769,0,0.00680272108843537,0.0102040816326531,0.00340136054421769,0,0.00680272108843537,0.0170068027210884,0.00340136054421769,0.00680272108843537,0.00340136054421769,0,0.0136054421768707,0.00340136054421769,0.0204081632653061,0.00680272108843537,0.0170068027210884,0.00680272108843537,0.00340136054421769,0.0102040816326531,0.0102040816326531,0,0.0170068027210884,0.00680272108843537,0,0.00340136054421769,0.0340136054421769,0.0136054421768707,0.00340136054421769,0.00680272108843537,0.0340136054421769,0.0102040816326531,0,0.0136054421768707,0.00680272108843537,0,0,0.0204081632653061,0.0476190476190476,0.0442176870748299,0.0408163265306122,0.0136054421768707,0.0306122448979592,0.0102040816326531,0.00680272108843537,0.0136054421768707,0.0408163265306122,0.0136054421768707,0.0238095238095238
"30","new jersey",0.0168350168350168,0,0.0841750841750842,0.0336700336700337,0.0134680134680135,0.00336700336700337,0.00336700336700337,0.0336700336700337,0.0101010101010101,0.0202020202020202,0.00673400673400673,0.0134680134680135,0,0.00336700336700337,0.00673400673400673,0.121212121212121,0,0.00336700336700337,0.0841750841750842,0.00336700336700337,0.0202020202020202,0.00336700336700337,0.00673400673400673,0,0,0.0168350168350168,0.0101010101010101,0.00673400673400673,0,0.00673400673400673,0.00673400673400673,0.0168350168350168,0.00673400673400673,0.0134680134680135,0.0101010101010101,0.00336700336700337,0.0168350168350168,0.0168350168350168,0.00336700336700337,0.00673400673400673,0.00336700336700337,0.0202020202020202,0.0134680134680135,0.0101010101010101,0.0101010101010101,0,0.0168350168350168,0.0134680134680135,0.00673400673400673,0.0673400673400673,0.0235690235690236,0.00673400673400673,0.00336700336700337,0.0168350168350168,0.00673400673400673,0.00336700336700337,0.00336700336700337,0.0101010101010101,0.0101010101010101,0.00336700336700337,0.0101010101010101,0.00336700336700337,0.0168350168350168,0.0134680134680135,0.0101010101010101,0.0437710437710438,0.0336700336700337,0.00336700336700337,0.0101010101010101,0.00673400673400673,0,0.00336700336700337,0,0.0101010101010101,0,0.00336700336700337,0.00336700336700337,0.0168350168350168,0.00336700336700337,0.0336700336700337,0,0.0404040404040404,0.00336700336700337,0.0168350168350168,0.00336700336700337,0.00336700336700337,0,0,0.00673400673400673,0.0505050505050505,0.0303030303030303,0.037037037037037,0.00336700336700337,0.0303030303030303,0.0269360269360269,0.0202020202020202,0.00336700336700337,0.0538720538720539,0.0168350168350168,0.0303030303030303
"31","new mexico",0.0158102766798419,0,0.0711462450592885,0.0197628458498024,0.0118577075098814,0.0158102766798419,0,0.0237154150197628,0.0118577075098814,0.0276679841897233,0.00395256916996047,0,0.00790513833992095,0,0.0158102766798419,0.0909090909090909,0.00395256916996047,0,0.075098814229249,0.00395256916996047,0,0.00790513833992095,0.00395256916996047,0,0.00395256916996047,0.0118577075098814,0.00790513833992095,0.0276679841897233,0.0118577075098814,0,0.0197628458498024,0.00790513833992095,0.00790513833992095,0,0,0.00790513833992095,0.00395256916996047,0,0.00790513833992095,0,0.00395256916996047,0.0158102766798419,0.00395256916996047,0.00395256916996047,0,0.00395256916996047,0.0118577075098814,0.00790513833992095,0.00790513833992095,0.075098814229249,0.0197628458498024,0,0.00395256916996047,0.00395256916996047,0.00395256916996047,0.00395256916996047,0.00790513833992095,0,0.0118577075098814,0.00395256916996047,0.00790513833992095,0.00395256916996047,0,0.00790513833992095,0,0.0118577075098814,0.0118577075098814,0.0158102766798419,0.0118577075098814,0.0118577075098814,0.00395256916996047,0.00395256916996047,0,0,0,0.00395256916996047,0.00790513833992095,0.0355731225296443,0,0.00790513833992095,0.00395256916996047,0.0355731225296443,0.0118577075098814,0.0118577075098814,0.00790513833992095,0,0.00395256916996047,0,0.00395256916996047,0.0474308300395257,0.075098814229249,0.0395256916996047,0.00395256916996047,0.0316205533596838,0.00790513833992095,0.0158102766798419,0,0.0355731225296443,0.0158102766798419,0.0434782608695652
"32","new york",0.0234113712374582,0,0.0769230769230769,0.0434782608695652,0.0167224080267559,0.0167224080267559,0.00668896321070234,0.0267558528428094,0.00334448160535117,0.0367892976588629,0.0100334448160535,0.020066889632107,0.00334448160535117,0,0.00668896321070234,0.107023411371237,0.00334448160535117,0.00334448160535117,0.0668896321070234,0.00668896321070234,0.0167224080267559,0,0,0,0.00334448160535117,0.0234113712374582,0.0133779264214047,0.00334448160535117,0.00334448160535117,0.0133779264214047,0.00334448160535117,0.0133779264214047,0.00668896321070234,0.0133779264214047,0,0.00334448160535117,0.0167224080267559,0.00334448160535117,0.00334448160535117,0.00668896321070234,0.00334448160535117,0.00334448160535117,0.0167224080267559,0.0100334448160535,0.0133779264214047,0,0.020066889632107,0.00668896321070234,0.00334448160535117,0.0568561872909699,0.0267558528428094,0.0167224080267559,0.00668896321070234,0.0234113712374582,0.00668896321070234,0.00334448160535117,0.00334448160535117,0.0167224080267559,0.0167224080267559,0.00668896321070234,0.00334448160535117,0.00668896321070234,0.020066889632107,0.020066889632107,0,0.0468227424749164,0.0367892976588629,0.0100334448160535,0.0100334448160535,0.00334448160535117,0,0.00668896321070234,0,0.020066889632107,0.00334448160535117,0.00334448160535117,0,0.0167224080267559,0.00668896321070234,0.020066889632107,0,0.0267558528428094,0.00334448160535117,0.0100334448160535,0.00334448160535117,0.00334448160535117,0,0,0.0100334448160535,0.0468227424749164,0.040133779264214,0.020066889632107,0.0133779264214047,0.0468227424749164,0.020066889632107,0.0167224080267559,0.00334448160535117,0.0434782608695652,0.0234113712374582,0.0367892976588629
"33","north carolina",0.0069204152249135,0,0.0795847750865052,0.0242214532871972,0.0207612456747405,0.00346020761245675,0,0.0311418685121107,0.0103806228373702,0.013840830449827,0.0173010380622837,0.00346020761245675,0,0.00346020761245675,0.013840830449827,0.0865051903114187,0,0,0.0657439446366782,0,0.00346020761245675,0.0103806228373702,0.00346020761245675,0.00346020761245675,0.0069204152249135,0.027681660899654,0.0069204152249135,0.013840830449827,0,0,0.0069204152249135,0.0311418685121107,0.013840830449827,0.0103806228373702,0.0069204152249135,0.0069204152249135,0.00346020761245675,0,0.00346020761245675,0,0.0069204152249135,0.0103806228373702,0.00346020761245675,0.0069204152249135,0.0103806228373702,0.00346020761245675,0.0207612456747405,0.0242214532871972,0.013840830449827,0.0761245674740484,0.0103806228373702,0.0069204152249135,0.0069204152249135,0.0069204152249135,0.00346020761245675,0.013840830449827,0,0.0207612456747405,0.0103806228373702,0.00346020761245675,0.00346020761245675,0.00346020761245675,0,0.0242214532871972,0.0069204152249135,0.027681660899654,0.0207612456747405,0.00346020761245675,0.0069204152249135,0.00346020761245675,0,0.00346020761245675,0,0,0.013840830449827,0.00346020761245675,0,0.027681660899654,0.00346020761245675,0.0207612456747405,0,0.0311418685121107,0.00346020761245675,0.0069204152249135,0.00346020761245675,0.00346020761245675,0,0.00346020761245675,0.013840830449827,0.0726643598615917,0.027681660899654,0.0173010380622837,0,0.0519031141868512,0.0242214532871972,0.00346020761245675,0.0207612456747405,0.0380622837370242,0.0103806228373702,0.0173010380622837
"34","north dakota",0.013745704467354,0,0.0721649484536082,0.0378006872852234,0.00687285223367698,0.00343642611683849,0.00343642611683849,0.0446735395189003,0.0171821305841924,0.00687285223367698,0.00343642611683849,0,0,0,0.013745704467354,0.0412371134020619,0,0,0.0756013745704467,0.00687285223367698,0.0171821305841924,0,0.00343642611683849,0,0.00687285223367698,0.00687285223367698,0.00687285223367698,0.0103092783505155,0,0,0.0103092783505155,0.00687285223367698,0.0171821305841924,0.00687285223367698,0.00687285223367698,0.00687285223367698,0.00687285223367698,0.00343642611683849,0.00687285223367698,0.00343642611683849,0,0.0240549828178694,0.0171821305841924,0.00343642611683849,0.00343642611683849,0.00343642611683849,0.0103092783505155,0.013745704467354,0.013745704467354,0.0790378006872852,0.00343642611683849,0.00343642611683849,0,0.0103092783505155,0.013745704467354,0.00343642611683849,0,0.00343642611683849,0.0206185567010309,0.00687285223367698,0.0103092783505155,0,0.0103092783505155,0.0206185567010309,0,0.0412371134020619,0.0171821305841924,0.00343642611683849,0.0343642611683849,0,0.00343642611683849,0,0.00343642611683849,0,0.013745704467354,0,0.00687285223367698,0.0171821305841924,0.0103092783505155,0.00687285223367698,0.00343642611683849,0.0103092783505155,0.00343642611683849,0.0103092783505155,0.00687285223367698,0.00687285223367698,0.00343642611683849,0,0.00687285223367698,0.11340206185567,0.0481099656357388,0.0240549828178694,0,0.0412371134020619,0.0171821305841924,0.00687285223367698,0.0103092783505155,0.0240549828178694,0.00687285223367698,0.0240549828178694
"35","ohio",0.0180505415162455,0,0.0613718411552347,0.0180505415162455,0.0144404332129964,0.0144404332129964,0.0036101083032491,0.0541516245487365,0.0036101083032491,0.0180505415162455,0.0072202166064982,0.0072202166064982,0,0,0.0072202166064982,0.0613718411552347,0.0036101083032491,0,0.0685920577617329,0.0036101083032491,0.0072202166064982,0.0036101083032491,0.0108303249097473,0,0,0.0144404332129964,0.0144404332129964,0,0.0036101083032491,0.0036101083032491,0.0180505415162455,0.0144404332129964,0.0072202166064982,0,0.0072202166064982,0.0144404332129964,0.0144404332129964,0.0072202166064982,0,0.0036101083032491,0,0.0144404332129964,0.0216606498194946,0.0108303249097473,0.0036101083032491,0.0108303249097473,0,0.0108303249097473,0.0324909747292419,0.0830324909747292,0,0,0.0036101083032491,0.0072202166064982,0.0036101083032491,0.0036101083032491,0.0072202166064982,0.0108303249097473,0.0180505415162455,0,0.0108303249097473,0,0.0072202166064982,0.0072202166064982,0,0.0324909747292419,0.0288808664259928,0.0036101083032491,0.0180505415162455,0,0,0.0036101083032491,0,0,0.0144404332129964,0,0,0.036101083032491,0,0.0036101083032491,0.0072202166064982,0.0180505415162455,0.0072202166064982,0.0144404332129964,0.0072202166064982,0.0036101083032491,0.0036101083032491,0,0.0216606498194946,0.0722021660649819,0.0469314079422383,0.0108303249097473,0,0.0324909747292419,0.0108303249097473,0.0072202166064982,0.0072202166064982,0.0324909747292419,0.0216606498194946,0.0469314079422383
"36","oklahoma",0.00689655172413793,0,0.0758620689655172,0.0241379310344828,0.00344827586206897,0.00344827586206897,0.00689655172413793,0.0275862068965517,0.00344827586206897,0.0103448275862069,0.0137931034482759,0.00689655172413793,0.00344827586206897,0,0.00689655172413793,0.0931034482758621,0,0,0.0724137931034483,0,0.0206896551724138,0.0103448275862069,0,0,0,0.0172413793103448,0.0172413793103448,0.00689655172413793,0,0,0.0103448275862069,0.0137931034482759,0.0206896551724138,0,0,0.00689655172413793,0.00344827586206897,0.0172413793103448,0.00689655172413793,0.00689655172413793,0,0.0310344827586207,0.0103448275862069,0,0.0137931034482759,0.00689655172413793,0.0172413793103448,0,0.0137931034482759,0.0517241379310345,0.0137931034482759,0.00344827586206897,0,0.00344827586206897,0.00689655172413793,0.00344827586206897,0.00689655172413793,0.0103448275862069,0.0517241379310345,0,0.00344827586206897,0.00689655172413793,0,0.0172413793103448,0.00344827586206897,0.0379310344827586,0.0206896551724138,0.00689655172413793,0.00344827586206897,0.00344827586206897,0,0.00689655172413793,0.00344827586206897,0.00344827586206897,0.00689655172413793,0.0103448275862069,0,0.0310344827586207,0.00344827586206897,0.00344827586206897,0,0.00689655172413793,0.00344827586206897,0.00344827586206897,0,0.00689655172413793,0,0,0.0137931034482759,0.0586206896551724,0.0310344827586207,0.0103448275862069,0.00344827586206897,0.0379310344827586,0.0137931034482759,0,0.0172413793103448,0.0551724137931034,0.0137931034482759,0.0379310344827586
"37","oregon",0.0235690235690236,0,0.0942760942760943,0.0269360269360269,0.0134680134680135,0.0168350168350168,0,0.0404040404040404,0.00336700336700337,0.00336700336700337,0.0134680134680135,0.00336700336700337,0.00336700336700337,0.00336700336700337,0.00336700336700337,0.127946127946128,0.00336700336700337,0.00336700336700337,0.0740740740740741,0.00336700336700337,0.0134680134680135,0.0101010101010101,0.00673400673400673,0,0.00336700336700337,0.0134680134680135,0.00673400673400673,0.0134680134680135,0,0.00336700336700337,0.0134680134680135,0,0.0101010101010101,0.0168350168350168,0,0.0101010101010101,0.00336700336700337,0.0101010101010101,0.0101010101010101,0,0,0.0336700336700337,0.00336700336700337,0.0168350168350168,0.00336700336700337,0.00336700336700337,0.0336700336700337,0.0134680134680135,0.00336700336700337,0.0740740740740741,0.00336700336700337,0.0101010101010101,0.00673400673400673,0.00673400673400673,0.00673400673400673,0,0,0.0134680134680135,0.00673400673400673,0.00336700336700337,0,0,0.00336700336700337,0.0404040404040404,0.0134680134680135,0.0707070707070707,0.0235690235690236,0.0202020202020202,0.0168350168350168,0.00673400673400673,0.00336700336700337,0.00336700336700337,0.00336700336700337,0.00673400673400673,0.00673400673400673,0.00673400673400673,0.00336700336700337,0.0134680134680135,0.00673400673400673,0.0134680134680135,0.00336700336700337,0.0269360269360269,0.00673400673400673,0.00673400673400673,0.00336700336700337,0.00673400673400673,0,0,0.0269360269360269,0.0740740740740741,0.0673400673400673,0.00673400673400673,0.00673400673400673,0.0572390572390572,0.0134680134680135,0,0.0101010101010101,0.0336700336700337,0.0202020202020202,0.0269360269360269
"38","pennsylvania",0.0207612456747405,0.0103806228373702,0.0588235294117647,0.013840830449827,0.013840830449827,0.0069204152249135,0.00346020761245675,0.0173010380622837,0,0.0103806228373702,0,0.00346020761245675,0.0103806228373702,0,0.0069204152249135,0.100346020761246,0.00346020761245675,0.0103806228373702,0.110726643598616,0.00346020761245675,0.00346020761245675,0.0069204152249135,0.0103806228373702,0,0.00346020761245675,0.0103806228373702,0.013840830449827,0.0103806228373702,0.00346020761245675,0.0103806228373702,0.0069204152249135,0.0103806228373702,0,0.0069204152249135,0,0.00346020761245675,0.00346020761245675,0.0069204152249135,0.0069204152249135,0.0069204152249135,0,0.013840830449827,0.0103806228373702,0,0.0173010380622837,0,0,0.00346020761245675,0.013840830449827,0.0588235294117647,0.013840830449827,0.00346020761245675,0,0,0.00346020761245675,0.0069204152249135,0.00346020761245675,0.0103806228373702,0.0069204152249135,0.00346020761245675,0,0.0069204152249135,0.00346020761245675,0.0346020761245675,0.013840830449827,0.027681660899654,0.0069204152249135,0,0.0103806228373702,0.00346020761245675,0.00346020761245675,0.00346020761245675,0.00346020761245675,0.0069204152249135,0.0103806228373702,0,0,0.0242214532871972,0.00346020761245675,0.0103806228373702,0,0.0207612456747405,0,0.0207612456747405,0.013840830449827,0,0.00346020761245675,0,0.013840830449827,0.0726643598615917,0.0484429065743945,0.0311418685121107,0.0173010380622837,0.0242214532871972,0.0519031141868512,0,0.0103806228373702,0.027681660899654,0.0069204152249135,0.0242214532871972
"39","rhode island",0.00675675675675676,0.00675675675675676,0.027027027027027,0.0202702702702703,0.0101351351351351,0.00675675675675676,0.00337837837837838,0.0236486486486486,0.00675675675675676,0.00675675675675676,0.00337837837837838,0.00337837837837838,0.00675675675675676,0,0.00337837837837838,0.0777027027027027,0.00337837837837838,0,0.0641891891891892,0,0.00337837837837838,0.0101351351351351,0.00337837837837838,0,0.00337837837837838,0.00675675675675676,0.0202702702702703,0.0101351351351351,0.00337837837837838,0.0135135135135135,0.00675675675675676,0.00675675675675676,0,0.00337837837837838,0.00337837837837838,0.00675675675675676,0.00675675675675676,0.00337837837837838,0.00337837837837838,0,0,0.0472972972972973,0.0101351351351351,0,0.00675675675675676,0.00337837837837838,0.0168918918918919,0.00675675675675676,0.0168918918918919,0.027027027027027,0.00337837837837838,0,0.00337837837837838,0,0.0202702702702703,0,0,0.00675675675675676,0.00337837837837838,0.00337837837837838,0,0,0.00337837837837838,0.00675675675675676,0,0.0101351351351351,0.00337837837837838,0.00675675675675676,0.00675675675675676,0.00675675675675676,0,0,0.00337837837837838,0.0101351351351351,0.00337837837837838,0,0.00337837837837838,0.0202702702702703,0.00675675675675676,0.00675675675675676,0,0.0101351351351351,0.0135135135135135,0.0135135135135135,0.00337837837837838,0.00337837837837838,0.00337837837837838,0,0.0135135135135135,0.027027027027027,0.0304054054054054,0.0168918918918919,0,0.027027027027027,0.027027027027027,0.00337837837837838,0.00337837837837838,0.0472972972972973,0.00675675675675676,0.0168918918918919
"40","south carolina",0.0172413793103448,0,0.0689655172413793,0.0172413793103448,0.00689655172413793,0.00689655172413793,0,0.0241379310344828,0.00344827586206897,0,0.00344827586206897,0,0.00344827586206897,0,0.00344827586206897,0.103448275862069,0,0.00344827586206897,0.0827586206896552,0.00344827586206897,0,0.0137931034482759,0.0172413793103448,0,0,0.0206896551724138,0.00689655172413793,0.00689655172413793,0.00689655172413793,0,0.0103448275862069,0.0103448275862069,0.0137931034482759,0,0.0103448275862069,0.00689655172413793,0,0,0.00689655172413793,0,0,0.0103448275862069,0.00344827586206897,0.0137931034482759,0.00689655172413793,0.00689655172413793,0.0310344827586207,0.0241379310344828,0.0310344827586207,0.0586206896551724,0.0137931034482759,0,0.00344827586206897,0.00689655172413793,0.00344827586206897,0.00344827586206897,0,0.0103448275862069,0.0137931034482759,0.00689655172413793,0,0,0,0.0172413793103448,0.00344827586206897,0.0310344827586207,0.0448275862068966,0,0.00689655172413793,0.00689655172413793,0.00344827586206897,0.00344827586206897,0.00344827586206897,0.00344827586206897,0.0103448275862069,0,0,0.0482758620689655,0.00344827586206897,0.0103448275862069,0,0.0482758620689655,0.0103448275862069,0.0206896551724138,0.00344827586206897,0.00689655172413793,0.00344827586206897,0.00344827586206897,0.0103448275862069,0.0517241379310345,0.0655172413793104,0.0206896551724138,0,0.0689655172413793,0.0103448275862069,0,0.0172413793103448,0.0172413793103448,0.00344827586206897,0.0206896551724138
"41","south dakota",0.01,0,0.0466666666666667,0.0166666666666667,0.00333333333333333,0.01,0.00333333333333333,0.0233333333333333,0,0.00666666666666667,0,0.00333333333333333,0,0,0.00333333333333333,0.0533333333333333,0.00666666666666667,0,0.0533333333333333,0.00333333333333333,0,0.00333333333333333,0,0,0,0.00666666666666667,0.0133333333333333,0.00333333333333333,0,0.00333333333333333,0.193333333333333,0.00333333333333333,0.00666666666666667,0.00333333333333333,0.00666666666666667,0,0.00333333333333333,0,0.00333333333333333,0.00333333333333333,0,0.0266666666666667,0,0,0,0,0.01,0.01,0.02,0.0466666666666667,0.00666666666666667,0,0,0,0,0.00666666666666667,0.00333333333333333,0.00666666666666667,0.0133333333333333,0.01,0.196666666666667,0,0.00333333333333333,0.00333333333333333,0,0.0166666666666667,0.00666666666666667,0,0,0,0,0,0.00333333333333333,0,0.00666666666666667,0,0.01,0.02,0.01,0,0,0.01,0.00333333333333333,0.02,0,0.01,0.00333333333333333,0,0.0166666666666667,0.01,0.0233333333333333,0.0133333333333333,0.00333333333333333,0.04,0.0233333333333333,0.01,0.0166666666666667,0.01,0.0166666666666667,0.0133333333333333
"42","tennessee",0.0102389078498294,0,0.0580204778156997,0.0443686006825939,0.0204778156996587,0.0068259385665529,0.0136518771331058,0.037542662116041,0,0.0068259385665529,0.0102389078498294,0,0.00341296928327645,0,0.0136518771331058,0.143344709897611,0,0.0068259385665529,0.0409556313993174,0,0.00341296928327645,0.00341296928327645,0.0068259385665529,0,0,0.0204778156996587,0.0136518771331058,0.0102389078498294,0.0068259385665529,0,0.00341296928327645,0.0068259385665529,0.00341296928327645,0.00341296928327645,0,0,0.0102389078498294,0.0102389078498294,0.00341296928327645,0,0,0.0204778156996587,0.0102389078498294,0.00341296928327645,0.00341296928327645,0.00341296928327645,0.0238907849829352,0.0170648464163823,0.0238907849829352,0.0716723549488055,0.00341296928327645,0.00341296928327645,0.00341296928327645,0.0136518771331058,0,0.00341296928327645,0,0.0068259385665529,0.0307167235494881,0,0,0.00341296928327645,0.0068259385665529,0.0068259385665529,0,0.0341296928327645,0.0102389078498294,0.00341296928327645,0.00341296928327645,0.0102389078498294,0.0068259385665529,0.0102389078498294,0.00341296928327645,0.0068259385665529,0.0102389078498294,0.00341296928327645,0,0.0238907849829352,0.00341296928327645,0.0068259385665529,0.00341296928327645,0.0341296928327645,0.00341296928327645,0.00341296928327645,0.0102389078498294,0,0.00341296928327645,0.00341296928327645,0.0068259385665529,0.0648464163822526,0.0443686006825939,0.0136518771331058,0,0.0409556313993174,0.0238907849829352,0.0102389078498294,0.0102389078498294,0.0443686006825939,0.0136518771331058,0.0273037542662116
"43","texas",0.0209059233449477,0.00696864111498258,0.0731707317073171,0.0104529616724739,0.00696864111498258,0.00348432055749129,0.00696864111498258,0.0313588850174216,0.00696864111498258,0.0174216027874564,0,0,0,0,0.00348432055749129,0.153310104529617,0.00696864111498258,0,0.0662020905923345,0,0.00348432055749129,0,0.0104529616724739,0,0.00696864111498258,0.0174216027874564,0.0174216027874564,0.0104529616724739,0.0139372822299652,0.00348432055749129,0.0104529616724739,0.00696864111498258,0.0139372822299652,0.00348432055749129,0,0.0313588850174216,0.00348432055749129,0.0104529616724739,0.00696864111498258,0.00348432055749129,0,0.00348432055749129,0,0,0.0209059233449477,0.00348432055749129,0.0174216027874564,0.00696864111498258,0.00348432055749129,0.0905923344947735,0.0104529616724739,0,0,0.00696864111498258,0.00348432055749129,0,0.00696864111498258,0.0104529616724739,0.0278745644599303,0,0,0.0104529616724739,0.0139372822299652,0.0174216027874564,0.00348432055749129,0.0174216027874564,0.0139372822299652,0.00348432055749129,0.0174216027874564,0.00696864111498258,0.00348432055749129,0,0,0,0,0.00348432055749129,0.00348432055749129,0.0209059233449477,0.0104529616724739,0.00696864111498258,0.0104529616724739,0.0452961672473868,0.00696864111498258,0.00696864111498258,0.00696864111498258,0.00696864111498258,0.00696864111498258,0,0.0104529616724739,0.0452961672473868,0.0418118466898955,0.0139372822299652,0.00348432055749129,0.0278745644599303,0.0139372822299652,0.00348432055749129,0.00348432055749129,0.0313588850174216,0.0174216027874564,0.0383275261324042
"44","utah",0.0137931034482759,0.00689655172413793,0.0344827586206897,0.0206896551724138,0,0,0,0,0.00689655172413793,0.0137931034482759,0,0,0.00689655172413793,0,0,0.16551724137931,0,0,0.131034482758621,0,0,0.0137931034482759,0.0137931034482759,0,0,0.0896551724137931,0.0758620689655172,0,0,0.00689655172413793,0.00689655172413793,0,0,0,0,0.00689655172413793,0.00689655172413793,0.00689655172413793,0.00689655172413793,0,0,0.00689655172413793,0.00689655172413793,0,0,0,0.0137931034482759,0.0137931034482759,0.0206896551724138,0.0620689655172414,0.00689655172413793,0.00689655172413793,0,0,0,0,0,0.00689655172413793,0.103448275862069,0,0,0,0.00689655172413793,0.0137931034482759,0,0.0413793103448276,0.00689655172413793,0.0206896551724138,0.00689655172413793,0.00689655172413793,0,0.00689655172413793,0,0,0.00689655172413793,0,0,0.0344827586206897,0.0137931034482759,0,0.00689655172413793,0.00689655172413793,0.00689655172413793,0.0344827586206897,0,0,0,0.00689655172413793,0.0344827586206897,0.0482758620689655,0.0896551724137931,0.0206896551724138,0.00689655172413793,0.0551724137931034,0.0275862068965517,0,0,0.0482758620689655,0.0137931034482759,0.00689655172413793
"45","vermont",0.00677966101694915,0.00677966101694915,0.11864406779661,0.00677966101694915,0,0.00677966101694915,0,0.0305084745762712,0,0.0101694915254237,0.00338983050847458,0.0101694915254237,0.00677966101694915,0,0,0.0644067796610169,0,0.00338983050847458,0.0610169491525424,0,0.00677966101694915,0.0169491525423729,0.00677966101694915,0,0.0101694915254237,0.00677966101694915,0.0169491525423729,0.0135593220338983,0.00338983050847458,0.00338983050847458,0.00338983050847458,0.00338983050847458,0.00677966101694915,0,0.00677966101694915,0.00677966101694915,0.00338983050847458,0,0,0.00677966101694915,0.00338983050847458,0.101694915254237,0.0169491525423729,0.00677966101694915,0.0101694915254237,0,0.0135593220338983,0.0101694915254237,0.0135593220338983,0.0508474576271186,0.0169491525423729,0.00677966101694915,0,0.00338983050847458,0.00338983050847458,0.00677966101694915,0,0.00677966101694915,0.0101694915254237,0.00677966101694915,0.00677966101694915,0,0,0.0338983050847458,0.00677966101694915,0.0203389830508475,0.00677966101694915,0.0203389830508475,0.0203389830508475,0.00338983050847458,0,0.00338983050847458,0.0101694915254237,0,0.0169491525423729,0,0.00338983050847458,0.0169491525423729,0.00338983050847458,0,0.00338983050847458,0.0135593220338983,0.00677966101694915,0.0101694915254237,0.0101694915254237,0.00338983050847458,0,0,0.0169491525423729,0.0372881355932203,0.088135593220339,0.0677966101694915,0.00677966101694915,0.0372881355932203,0.0203389830508475,0.00338983050847458,0,0.0983050847457627,0.00677966101694915,0.0169491525423729
"46","virginia",0.00675675675675676,0,0.0878378378378378,0.0236486486486486,0.0101351351351351,0.0168918918918919,0.00337837837837838,0.0304054054054054,0.0168918918918919,0.0135135135135135,0.00675675675675676,0.0101351351351351,0.00675675675675676,0,0.00675675675675676,0.14527027027027,0,0,0.0675675675675676,0.0101351351351351,0.00675675675675676,0.0135135135135135,0.0135135135135135,0.00337837837837838,0.00675675675675676,0.0236486486486486,0.00675675675675676,0.0101351351351351,0.00337837837837838,0,0.0135135135135135,0.00337837837837838,0.0168918918918919,0.0439189189189189,0.00337837837837838,0.00675675675675676,0,0.00337837837837838,0,0.00675675675675676,0.00337837837837838,0.00675675675675676,0.0135135135135135,0.00337837837837838,0.0202702702702703,0.00337837837837838,0.0540540540540541,0.0506756756756757,0.0101351351351351,0.0777027027027027,0.0168918918918919,0.0135135135135135,0,0,0.00675675675675676,0.00337837837837838,0,0.00337837837837838,0.00675675675675676,0.00675675675675676,0.0101351351351351,0,0.00675675675675676,0.0405405405405405,0.00337837837837838,0.0439189189189189,0.0202702702702703,0.0101351351351351,0,0.0101351351351351,0.00337837837837838,0,0.00337837837837838,0.00337837837837838,0.00337837837837838,0,0,0.0337837837837838,0.00675675675675676,0.0101351351351351,0.00337837837837838,0.0236486486486486,0.0135135135135135,0.00337837837837838,0.0135135135135135,0.00675675675675676,0.0101351351351351,0,0.0135135135135135,0.0472972972972973,0.0743243243243243,0.0202702702702703,0.00337837837837838,0.0506756756756757,0.027027027027027,0.00337837837837838,0.0337837837837838,0.027027027027027,0.027027027027027,0.0337837837837838
"47","washington",0.0266666666666667,0,0.116666666666667,0.0166666666666667,0.00333333333333333,0.0133333333333333,0.01,0.0466666666666667,0.00666666666666667,0.0166666666666667,0.01,0.00666666666666667,0.00333333333333333,0,0.00333333333333333,0.123333333333333,0.00666666666666667,0.00666666666666667,0.0733333333333333,0.0133333333333333,0.00333333333333333,0.00333333333333333,0.00666666666666667,0.00333333333333333,0.00333333333333333,0.00666666666666667,0.0233333333333333,0.00666666666666667,0.0166666666666667,0,0.00666666666666667,0.01,0.0133333333333333,0.00666666666666667,0,0.0133333333333333,0.01,0.01,0.01,0,0.00666666666666667,0.01,0.0133333333333333,0.00333333333333333,0.00666666666666667,0,0.00666666666666667,0.00666666666666667,0.00666666666666667,0.0866666666666667,0,0.01,0,0.0133333333333333,0.0166666666666667,0.0133333333333333,0,0.00666666666666667,0.0166666666666667,0.00333333333333333,0.00333333333333333,0.01,0.00333333333333333,0.0433333333333333,0.00666666666666667,0.0266666666666667,0.0166666666666667,0.00666666666666667,0.00666666666666667,0.00333333333333333,0,0.01,0,0.01,0.00333333333333333,0,0,0.04,0.0433333333333333,0.00333333333333333,0.01,0.0266666666666667,0.00666666666666667,0.01,0.00333333333333333,0.01,0.01,0.00666666666666667,0.0233333333333333,0.08,0.0366666666666667,0.0333333333333333,0.01,0.0333333333333333,0.01,0.0133333333333333,0.0133333333333333,0.0233333333333333,0.05,0.0266666666666667
"48","west virginia",0.01,0.01,0.0566666666666667,0.02,0.00666666666666667,0.00333333333333333,0,0.0366666666666667,0.00666666666666667,0.0166666666666667,0.00666666666666667,0.00333333333333333,0.00333333333333333,0,0,0.116666666666667,0.00666666666666667,0.00333333333333333,0.0866666666666667,0.0133333333333333,0.00666666666666667,0,0,0,0,0.02,0.02,0.00333333333333333,0.00333333333333333,0.00333333333333333,0.02,0.0166666666666667,0.01,0.00333333333333333,0,0.0133333333333333,0.00333333333333333,0,0.00333333333333333,0.00333333333333333,0,0.01,0.0133333333333333,0.00333333333333333,0,0,0.02,0.0133333333333333,0.00666666666666667,0.05,0,0.00666666666666667,0.00666666666666667,0.01,0.00333333333333333,0,0,0,0.02,0.00333333333333333,0.0233333333333333,0.00333333333333333,0.00333333333333333,0.01,0.00333333333333333,0.0466666666666667,0.0233333333333333,0.0166666666666667,0.01,0.01,0,0.00666666666666667,0.01,0,0,0.01,0,0.02,0.00666666666666667,0.01,0,0.0133333333333333,0.02,0.01,0.00666666666666667,0,0.00666666666666667,0.00333333333333333,0.00666666666666667,0.05,0.0266666666666667,0.02,0.00333333333333333,0.0233333333333333,0.0366666666666667,0.00333333333333333,0.00333333333333333,0.03,0,0.0466666666666667
"49","wisconsin",0.0233333333333333,0,0.1,0.0366666666666667,0,0.02,0.02,0.0533333333333333,0,0.01,0.00666666666666667,0.00666666666666667,0.01,0,0.01,0.0966666666666667,0,0,0.08,0.00666666666666667,0,0.0166666666666667,0.01,0,0,0.0133333333333333,0.02,0.00333333333333333,0,0.00666666666666667,0.00666666666666667,0.00666666666666667,0.02,0.00666666666666667,0.00666666666666667,0.0133333333333333,0.0133333333333333,0.00333333333333333,0.01,0,0,0.0133333333333333,0,0.00333333333333333,0.02,0.00333333333333333,0.01,0.0133333333333333,0.0133333333333333,0.0533333333333333,0.02,0.00333333333333333,0.00333333333333333,0.00333333333333333,0.0133333333333333,0.00666666666666667,0,0.01,0.0166666666666667,0.00666666666666667,0.01,0,0,0.00333333333333333,0,0.00333333333333333,0.00666666666666667,0.00333333333333333,0.0166666666666667,0.0133333333333333,0.0166666666666667,0.00333333333333333,0.00666666666666667,0.00333333333333333,0.00666666666666667,0.00666666666666667,0.00666666666666667,0.0166666666666667,0.00333333333333333,0.0133333333333333,0.00666666666666667,0.04,0.0166666666666667,0.0233333333333333,0.00333333333333333,0,0.00333333333333333,0.00333333333333333,0.00333333333333333,0.0633333333333333,0.03,0.04,0.00333333333333333,0.0666666666666667,0.03,0,0.01,0.0333333333333333,0.00666666666666667,0.0233333333333333
"50","wyoming",0.0167785234899329,0,0.0906040268456376,0.0100671140939597,0.00335570469798658,0.0100671140939597,0.00671140939597315,0.0302013422818792,0.00335570469798658,0.0100671140939597,0.0134228187919463,0.00335570469798658,0,0,0.00335570469798658,0.0838926174496644,0.00335570469798658,0.00335570469798658,0.0771812080536913,0.0167785234899329,0,0,0.00671140939597315,0,0.00335570469798658,0.0167785234899329,0.0134228187919463,0.00671140939597315,0.00335570469798658,0.0100671140939597,0.0100671140939597,0.00335570469798658,0.023489932885906,0,0,0.00671140939597315,0.00671140939597315,0,0.0134228187919463,0.00671140939597315,0.00335570469798658,0.0268456375838926,0.0201342281879195,0.00335570469798658,0.0100671140939597,0.00335570469798658,0.0201342281879195,0.0268456375838926,0.0335570469798658,0.0771812080536913,0.00671140939597315,0.00671140939597315,0.00335570469798658,0.0134228187919463,0.00335570469798658,0,0,0.00335570469798658,0,0,0,0,0,0.0268456375838926,0.00335570469798658,0.0369127516778524,0.0134228187919463,0.0134228187919463,0.0100671140939597,0.00335570469798658,0.00335570469798658,0.00671140939597315,0,0.00671140939597315,0.0134228187919463,0.00335570469798658,0,0.023489932885906,0.00671140939597315,0.0134228187919463,0,0.0302013422818792,0.0100671140939597,0.00335570469798658,0,0.00335570469798658,0.00671140939597315,0.00671140939597315,0.0201342281879195,0.0369127516778524,0.0302013422818792,0.0302013422818792,0,0.0671140939597315,0.0100671140939597,0.00671140939597315,0.0100671140939597,0.0335570469798658,0.0134228187919463,0.0268456375838926
